Turnout ID,Date/Time,Status,Throw Time,Text
6501,28.10.2024 16:15:45,Reverse,0,"Not disturbed, Element available, Reverse position"
6505,28.10.2024 16:15:45,Normal,0,"Not disturbed, Element available, Normal position"
6500,28.10.2024 16:15:45,Reverse,0,"Not disturbed, Element available, Reverse position"
6506,28.10.2024 16:15:45,Normal,0,"Not disturbed, Element available, Normal position"
6501,28.10.2024 16:15:49,Reverse,0,"Not disturbed, Element available, Reverse position"
6505,28.10.2024 16:15:49,Normal,0,"Not disturbed, Element available, Normal position"
6500,28.10.2024 16:15:49,Reverse,0,"Not disturbed, Element available, Reverse position"
6506,28.10.2024 16:15:49,Normal,0,"Not disturbed, Element available, Normal position"
6501,28.10.2024 16:15:53,Reverse,0,"Not disturbed, Element available, Reverse position"
6505,28.10.2024 16:15:53,Normal,0,"Not disturbed, Element available, Normal position"
6500,28.10.2024 16:15:53,Reverse,0,"Not disturbed, Element available, Reverse position"
6506,28.10.2024 16:15:53,Normal,0,"Not disturbed, Element available, Normal position"
6501,28.10.2024 16:15:58,Reverse,0,"Not disturbed, Element available, Reverse position"
6505,28.10.2024 16:15:58,Normal,0,"Not disturbed, Element available, Normal position"
6500,28.10.2024 16:15:58,Reverse,0,"Not disturbed, Element available, Reverse position"
6506,28.10.2024 16:15:58,Normal,0,"Not disturbed, Element available, Normal position"
6501,28.10.2024 16:16:03,Reverse,0,"Not disturbed, Element available, Reverse position"
6505,28.10.2024 16:16:03,Normal,0,"Not disturbed, Element available, Normal position"
6500,28.10.2024 16:16:03,Reverse,0,"Not disturbed, Element available, Reverse position"
6506,28.10.2024 16:16:03,Normal,0,"Not disturbed, Element available, Normal position"
6501,28.10.2024 16:16:04,Reverse,0,"Not disturbed, Element available, Reverse position"
6505,28.10.2024 16:16:04,Normal,0,"Not disturbed, Element available, Normal position"
6500,28.10.2024 16:16:04,Reverse,0,"Not disturbed, Element available, Reverse position"
6506,28.10.2024 16:16:04,Normal,0,"Not disturbed, Element available, Normal position"
6501,28.10.2024 16:16:08,Reverse,0,"Not disturbed, Element available, Reverse position"
6505,28.10.2024 16:16:08,Normal,0,"Not disturbed, Element available, Normal position"
6500,28.10.2024 16:16:08,Reverse,0,"Not disturbed, Element available, Reverse position"
6506,28.10.2024 16:16:08,Normal,0,"Not disturbed, Element available, Normal position"
6501,28.10.2024 16:16:12,Reverse,0,"Not disturbed, Element available, Reverse position"
6505,28.10.2024 16:16:12,Normal,0,"Not disturbed, Element available, Normal position"
6500,28.10.2024 16:16:12,Reverse,0,"Not disturbed, Element available, Reverse position"
6506,28.10.2024 16:16:12,Normal,0,"Not disturbed, Element available, Normal position"
6501,28.10.2024 16:16:16,Reverse,0,"Not disturbed, Element available, Reverse position"
6505,28.10.2024 16:16:16,Normal,0,"Not disturbed, Element available, Normal position"
6500,28.10.2024 16:16:16,Reverse,0,"Not disturbed, Element available, Reverse position"
6506,28.10.2024 16:16:16,Normal,0,"Not disturbed, Element available, Normal position"
6501,28.10.2024 16:16:17,Reverse,0,"Not disturbed, Element available, Reverse position"
6505,28.10.2024 16:16:17,Normal,0,"Not disturbed, Element available, Normal position"
6500,28.10.2024 16:16:17,Reverse,0,"Not disturbed, Element available, Reverse position"
6506,28.10.2024 16:16:17,Normal,0,"Not disturbed, Element available, Normal position"
6501,28.10.2024 16:16:21,Reverse,0,"Not disturbed, Element available, Reverse position"
6505,28.10.2024 16:16:21,Normal,0,"Not disturbed, Element available, Normal position"
6500,28.10.2024 16:16:21,Reverse,0,"Not disturbed, Element available, Reverse position"
6506,28.10.2024 16:16:21,Normal,0,"Not disturbed, Element available, Normal position"
6501,28.10.2024 16:16:27,Reverse,0,"Not disturbed, Element available, Reverse position"
6505,28.10.2024 16:16:27,Normal,0,"Not disturbed, Element available, Normal position"
6500,28.10.2024 16:16:27,Reverse,0,"Not disturbed, Element available, Reverse position"
6501,28.10.2024 16:16:29,Reverse,0,"Not disturbed, Element available, Reverse position"
6505,28.10.2024 16:16:29,Normal,0,"Not disturbed, Element available, Normal position"
6500,28.10.2024 16:16:29,Reverse,0,"Not disturbed, Element available, Reverse position"
6506,28.10.2024 16:16:29,Normal,0,"Not disturbed, Element available, Normal position"
6501,28.10.2024 16:16:31,Reverse,0,"Not disturbed, Element available, Reverse position"
6505,28.10.2024 16:16:31,Normal,0,"Not disturbed, Element available, Normal position"
6500,28.10.2024 16:16:31,Reverse,0,"Not disturbed, Element available, Reverse position"
6501,28.10.2024 16:16:32,Reverse,0,"Not disturbed, Element available, Reverse position"
6505,28.10.2024 16:16:32,Normal,0,"Not disturbed, Element available, Normal position"
6500,28.10.2024 16:16:32,Reverse,0,"Not disturbed, Element available, Reverse position"
6501,28.10.2024 16:16:33,Reverse,0,"Not disturbed, Element available, Reverse position"
6505,28.10.2024 16:16:33,Normal,0,"Not disturbed, Element available, Normal position"
6500,28.10.2024 16:16:33,Reverse,0,"Not disturbed, Element available, Reverse position"
6501,28.10.2024 16:16:34,Reverse,0,"Not disturbed, Element available, Reverse position"
6505,28.10.2024 16:16:34,Normal,0,"Not disturbed, Element available, Normal position"
6500,28.10.2024 16:16:34,Reverse,0,"Not disturbed, Element available, Reverse position"
6501,28.10.2024 16:16:35,Reverse,0,"Not disturbed, Element available, Reverse position"
6505,28.10.2024 16:16:35,Normal,0,"Not disturbed, Element available, Normal position"
6500,28.10.2024 16:16:35,Reverse,0,"Not disturbed, Element available, Reverse position"
6501,28.10.2024 16:16:36,Reverse,0,"Not disturbed, Element available, Reverse position"
6505,28.10.2024 16:16:36,Normal,0,"Not disturbed, Element available, Normal position"
6500,28.10.2024 16:16:36,Reverse,0,"Not disturbed, Element available, Reverse position"
6501,28.10.2024 16:16:37,Reverse,0,"Not disturbed, Element available, Reverse position"
6505,28.10.2024 16:16:37,Normal,0,"Not disturbed, Element available, Normal position"
6500,28.10.2024 16:16:37,Reverse,0,"Not disturbed, Element available, Reverse position"
6501,28.10.2024 16:16:38,Reverse,0,"Not disturbed, Element available, Reverse position"
6505,28.10.2024 16:16:38,Normal,0,"Not disturbed, Element available, Normal position"
6500,28.10.2024 16:16:38,Reverse,0,"Not disturbed, Element available, Reverse position"
6506,28.10.2024 16:16:38,Normal,0,"Not disturbed, Element available, Normal position"
6501,28.10.2024 16:16:38,Reverse,0,"Not disturbed, Element available, Reverse position"
6505,28.10.2024 16:16:38,Normal,0,"Not disturbed, Element available, Normal position"
6500,28.10.2024 16:16:38,Reverse,0,"Not disturbed, Element available, Reverse position"
6506,28.10.2024 16:16:38,Normal,0,"Not disturbed, Element available, Normal position"
6501,28.10.2024 16:16:39,Reverse,0,"Not disturbed, Element available, Reverse position"
6505,28.10.2024 16:16:39,Normal,0,"Not disturbed, Element available, Normal position"
6500,28.10.2024 16:16:39,Reverse,0,"Not disturbed, Element available, Reverse position"
6501,28.10.2024 16:16:40,Reverse,0,"Not disturbed, Element available, Reverse position"
6505,28.10.2024 16:16:40,Normal,0,"Not disturbed, Element available, Normal position"
6500,28.10.2024 16:16:40,Reverse,0,"Not disturbed, Element available, Reverse position"
6506,28.10.2024 16:16:40,Normal,0,"Not disturbed, Element available, Normal position"
6501,28.10.2024 16:16:40,Reverse,0,"Not disturbed, Element available, Reverse position"
6505,28.10.2024 16:16:40,Normal,0,"Not disturbed, Element available, Normal position"
6500,28.10.2024 16:16:40,Reverse,0,"Not disturbed, Element available, Reverse position"
6501,28.10.2024 16:16:41,Reverse,0,"Not disturbed, Element available, Reverse position"
6505,28.10.2024 16:16:41,Normal,0,"Not disturbed, Element available, Normal position"
6500,28.10.2024 16:16:41,Reverse,0,"Not disturbed, Element available, Reverse position"
6501,28.10.2024 16:16:41,Reverse,0,"Not disturbed, Element available, Reverse position"
6505,28.10.2024 16:16:41,Normal,0,"Not disturbed, Element available, Normal position"
6500,28.10.2024 16:16:41,Reverse,0,"Not disturbed, Element available, Reverse position"
6506,28.10.2024 16:16:41,Normal,0,"Not disturbed, Element available, Normal position"
6501,28.10.2024 16:16:42,Reverse,0,"Not disturbed, Element available, Reverse position"
6505,28.10.2024 16:16:42,Normal,0,"Not disturbed, Element available, Normal position"
6500,28.10.2024 16:16:42,Reverse,0,"Not disturbed, Element available, Reverse position"
6501,28.10.2024 16:16:42,Reverse,0,"Not disturbed, Element available, Reverse position"
6505,28.10.2024 16:16:42,Normal,0,"Not disturbed, Element available, Normal position"
6500,28.10.2024 16:16:42,Reverse,0,"Not disturbed, Element available, Reverse position"
6501,28.10.2024 16:16:43,Reverse,0,"Not disturbed, Element available, Reverse position"
6505,28.10.2024 16:16:43,Normal,0,"Not disturbed, Element available, Normal position"
6500,28.10.2024 16:16:43,Reverse,0,"Not disturbed, Element available, Reverse position"
6501,28.10.2024 16:16:43,Reverse,0,"Not disturbed, Element available, Reverse position"
6505,28.10.2024 16:16:43,Normal,0,"Not disturbed, Element available, Normal position"
6500,28.10.2024 16:16:43,Reverse,0,"Not disturbed, Element available, Reverse position"
6506,28.10.2024 16:16:43,Normal,0,"Not disturbed, Element available, Normal position"
6501,28.10.2024 16:16:44,Reverse,0,"Not disturbed, Element available, Reverse position"
6505,28.10.2024 16:16:44,Normal,0,"Not disturbed, Element available, Normal position"
6500,28.10.2024 16:16:44,Reverse,0,"Not disturbed, Element available, Reverse position"
6506,28.10.2024 16:16:44,Normal,0,"Not disturbed, Element available, Normal position"
6501,28.10.2024 16:16:44,Reverse,0,"Not disturbed, Element available, Reverse position"
6505,28.10.2024 16:16:44,Normal,0,"Not disturbed, Element available, Normal position"
6500,28.10.2024 16:16:44,Reverse,0,"Not disturbed, Element available, Reverse position"
6501,28.10.2024 16:16:45,Reverse,0,"Not disturbed, Element available, Reverse position"
6505,28.10.2024 16:16:45,Normal,0,"Not disturbed, Element available, Normal position"
6500,28.10.2024 16:16:45,Reverse,0,"Not disturbed, Element available, Reverse position"
6506,28.10.2024 16:16:45,Normal,0,"Not disturbed, Element available, Normal position"
6501,28.10.2024 16:16:45,Reverse,0,"Not disturbed, Element available, Reverse position"
6505,28.10.2024 16:16:45,Normal,0,"Not disturbed, Element available, Normal position"
6500,28.10.2024 16:16:45,Reverse,0,"Not disturbed, Element available, Reverse position"
6506,28.10.2024 16:16:45,Normal,0,"Not disturbed, Element available, Normal position"
6501,28.10.2024 16:16:45,Reverse,0,"Not disturbed, Element available, Reverse position"
6505,28.10.2024 16:16:45,Normal,0,"Not disturbed, Element available, Normal position"
6500,28.10.2024 16:16:45,Reverse,0,"Not disturbed, Element available, Reverse position"
6506,28.10.2024 16:16:45,Normal,0,"Not disturbed, Element available, Normal position"
6501,28.10.2024 16:16:46,Reverse,0,"Not disturbed, Element available, Reverse position"
6505,28.10.2024 16:16:46,Normal,0,"Not disturbed, Element available, Normal position"
6500,28.10.2024 16:16:46,Reverse,0,"Not disturbed, Element available, Reverse position"
6501,28.10.2024 16:16:47,Reverse,0,"Not disturbed, Element available, Reverse position"
6505,28.10.2024 16:16:47,Normal,0,"Not disturbed, Element available, Normal position"
6500,28.10.2024 16:16:47,Reverse,0,"Not disturbed, Element available, Reverse position"
6501,28.10.2024 16:16:48,Reverse,0,"Not disturbed, Element available, Reverse position"
6505,28.10.2024 16:16:48,Normal,0,"Not disturbed, Element available, Normal position"
6500,28.10.2024 16:16:48,Reverse,0,"Not disturbed, Element available, Reverse position"
6506,28.10.2024 16:16:48,Normal,0,"Not disturbed, Element available, Normal position"
6501,28.10.2024 16:16:48,Reverse,0,"Not disturbed, Element available, Reverse position"
6505,28.10.2024 16:16:48,Normal,0,"Not disturbed, Element available, Normal position"
6500,28.10.2024 16:16:48,Reverse,0,"Not disturbed, Element available, Reverse position"
6501,28.10.2024 16:16:49,Reverse,0,"Not disturbed, Element available, Reverse position"
6505,28.10.2024 16:16:49,Normal,0,"Not disturbed, Element available, Normal position"
6500,28.10.2024 16:16:49,Reverse,0,"Not disturbed, Element available, Reverse position"
6501,28.10.2024 16:16:50,Reverse,0,"Not disturbed, Element available, Reverse position"
6505,28.10.2024 16:16:50,Normal,0,"Not disturbed, Element available, Normal position"
6500,28.10.2024 16:16:50,Reverse,0,"Not disturbed, Element available, Reverse position"
6501,28.10.2024 16:16:50,Reverse,0,"Not disturbed, Element available, Reverse position"
6505,28.10.2024 16:16:50,Normal,0,"Not disturbed, Element available, Normal position"
6500,28.10.2024 16:16:50,Reverse,0,"Not disturbed, Element available, Reverse position"
6501,28.10.2024 16:16:51,Reverse,0,"Not disturbed, Element available, Reverse position"
6505,28.10.2024 16:16:51,Normal,0,"Not disturbed, Element available, Normal position"
6500,28.10.2024 16:16:51,Reverse,0,"Not disturbed, Element available, Reverse position"
6501,28.10.2024 16:16:52,Reverse,0,"Not disturbed, Element available, Reverse position"
6505,28.10.2024 16:16:52,Normal,0,"Not disturbed, Element available, Normal position"
6500,28.10.2024 16:16:52,Reverse,0,"Not disturbed, Element available, Reverse position"
6506,28.10.2024 16:16:52,Normal,0,"Not disturbed, Element available, Normal position"
6501,28.10.2024 16:16:53,Reverse,0,"Not disturbed, Element available, Reverse position"
6505,28.10.2024 16:16:53,Normal,0,"Not disturbed, Element available, Normal position"
6500,28.10.2024 16:16:53,Reverse,0,"Not disturbed, Element available, Reverse position"
6506,28.10.2024 16:16:53,Normal,0,"Not disturbed, Element available, Normal position"
6501,28.10.2024 16:16:53,Reverse,0,"Not disturbed, Element available, Reverse position"
6505,28.10.2024 16:16:53,Normal,0,"Not disturbed, Element available, Normal position"
6500,28.10.2024 16:16:53,Reverse,0,"Not disturbed, Element available, Reverse position"
6501,28.10.2024 16:16:54,Reverse,0,"Not disturbed, Element available, Reverse position"
6505,28.10.2024 16:16:54,Normal,0,"Not disturbed, Element available, Normal position"
6500,28.10.2024 16:16:54,Reverse,0,"Not disturbed, Element available, Reverse position"
6506,28.10.2024 16:16:54,Normal,0,"Not disturbed, Element available, Normal position"
6501,28.10.2024 16:16:55,Reverse,0,"Not disturbed, Element available, Reverse position"
6505,28.10.2024 16:16:55,Normal,0,"Not disturbed, Element available, Normal position"
6500,28.10.2024 16:16:55,Reverse,0,"Not disturbed, Element available, Reverse position"
6506,28.10.2024 16:16:55,Normal,0,"Not disturbed, Element available, Normal position"
6501,28.10.2024 16:16:56,Reverse,0,"Not disturbed, Element available, Reverse position"
6505,28.10.2024 16:16:56,Normal,0,"Not disturbed, Element available, Normal position"
6500,28.10.2024 16:16:56,Reverse,0,"Not disturbed, Element available, Reverse position"
6506,28.10.2024 16:16:56,Normal,0,"Not disturbed, Element available, Normal position"
6501,28.10.2024 16:16:57,Reverse,0,"Not disturbed, Element available, Reverse position"
6505,28.10.2024 16:16:57,Normal,0,"Not disturbed, Element available, Normal position"
6500,28.10.2024 16:16:57,Reverse,0,"Not disturbed, Element available, Reverse position"
6506,28.10.2024 16:16:57,Normal,0,"Not disturbed, Element available, Normal position"
6501,28.10.2024 16:16:57,Reverse,0,"Not disturbed, Element available, Reverse position"
6505,28.10.2024 16:16:57,Normal,0,"Not disturbed, Element available, Normal position"
6500,28.10.2024 16:16:57,Reverse,0,"Not disturbed, Element available, Reverse position"
6501,28.10.2024 16:17:06,Reverse,0,"Not disturbed, Element available, Reverse position"
6505,28.10.2024 16:17:06,Normal,0,"Not disturbed, Element available, Normal position"
6500,28.10.2024 16:17:06,Reverse,0,"Not disturbed, Element available, Reverse position"
6501,28.10.2024 16:17:09,Reverse,0,"Not disturbed, Element available, Reverse position"
6505,28.10.2024 16:17:09,Normal,0,"Not disturbed, Element available, Normal position"
6500,28.10.2024 16:17:09,Reverse,0,"Not disturbed, Element available, Reverse position"
6506,28.10.2024 16:17:09,Normal,0,"Not disturbed, Element available, Normal position"
6501,28.10.2024 16:17:12,Reverse,0,"Not disturbed, Element available, Reverse position"
6505,28.10.2024 16:17:12,Normal,0,"Not disturbed, Element available, Normal position"
6500,28.10.2024 16:17:12,Reverse,0,"Not disturbed, Element available, Reverse position"
6501,28.10.2024 16:17:16,Reverse,0,"Not disturbed, Element available, Reverse position"
6505,28.10.2024 16:17:16,Normal,0,"Not disturbed, Element available, Normal position"
6500,28.10.2024 16:17:16,Reverse,0,"Not disturbed, Element available, Reverse position"
6506,28.10.2024 16:17:16,Normal,0,"Not disturbed, Element available, Normal position"
6501,28.10.2024 16:17:19,Reverse,0,"Not disturbed, Element available, Reverse position"
6505,28.10.2024 16:17:19,Normal,0,"Not disturbed, Element available, Normal position"
6500,28.10.2024 16:17:19,Reverse,0,"Not disturbed, Element available, Reverse position"
6506,28.10.2024 16:17:19,Normal,0,"Not disturbed, Element available, Normal position"
6501,28.10.2024 16:17:20,Reverse,0,"Not disturbed, Element available, Reverse position"
6505,28.10.2024 16:17:20,Normal,0,"Not disturbed, Element available, Normal position"
6500,28.10.2024 16:17:20,Reverse,0,"Not disturbed, Element available, Reverse position"
6501,28.10.2024 16:17:21,Reverse,0,"Not disturbed, Element available, Reverse position"
6505,28.10.2024 16:17:21,Normal,0,"Not disturbed, Element available, Normal position"
6500,28.10.2024 16:17:21,Reverse,0,"Not disturbed, Element available, Reverse position"
6501,28.10.2024 16:17:22,Reverse,0,"Not disturbed, Element available, Reverse position"
6505,28.10.2024 16:17:22,Normal,0,"Not disturbed, Element available, Normal position"
6500,28.10.2024 16:17:22,Reverse,0,"Not disturbed, Element available, Reverse position"
6506,28.10.2024 16:17:22,Normal,0,"Not disturbed, Element available, Normal position"
6501,28.10.2024 16:17:23,Reverse,0,"Not disturbed, Element available, Reverse position"
6505,28.10.2024 16:17:23,Normal,0,"Not disturbed, Element available, Normal position"
6500,28.10.2024 16:17:23,Reverse,0,"Not disturbed, Element available, Reverse position"
6501,28.10.2024 16:17:23,Reverse,0,"Not disturbed, Element available, Reverse position"
6505,28.10.2024 16:17:23,Normal,0,"Not disturbed, Element available, Normal position"
6500,28.10.2024 16:17:23,Reverse,0,"Not disturbed, Element available, Reverse position"
6501,28.10.2024 16:17:24,Reverse,0,"Not disturbed, Element available, Reverse position"
6505,28.10.2024 16:17:24,Normal,0,"Not disturbed, Element available, Normal position"
6500,28.10.2024 16:17:24,Reverse,0,"Not disturbed, Element available, Reverse position"
6501,28.10.2024 16:17:25,Reverse,0,"Not disturbed, Element available, Reverse position"
6505,28.10.2024 16:17:25,Normal,0,"Not disturbed, Element available, Normal position"
6500,28.10.2024 16:17:25,Reverse,0,"Not disturbed, Element available, Reverse position"
6506,28.10.2024 16:17:25,Normal,0,"Not disturbed, Element available, Normal position"
6501,28.10.2024 16:17:26,Reverse,0,"Not disturbed, Element available, Reverse position"
6505,28.10.2024 16:17:26,Normal,0,"Not disturbed, Element available, Normal position"
6500,28.10.2024 16:17:26,Reverse,0,"Not disturbed, Element available, Reverse position"
6506,28.10.2024 16:17:26,Normal,0,"Not disturbed, Element available, Normal position"
6501,28.10.2024 16:17:27,Reverse,0,"Not disturbed, Element available, Reverse position"
6505,28.10.2024 16:17:27,Normal,0,"Not disturbed, Element available, Normal position"
6500,28.10.2024 16:17:27,Reverse,0,"Not disturbed, Element available, Reverse position"
6501,28.10.2024 16:17:27,Reverse,0,"Not disturbed, Element available, Reverse position"
6505,28.10.2024 16:17:27,Normal,0,"Not disturbed, Element available, Normal position"
6500,28.10.2024 16:17:27,Reverse,0,"Not disturbed, Element available, Reverse position"
6506,28.10.2024 16:17:27,Normal,0,"Not disturbed, Element available, Normal position"
6501,28.10.2024 16:17:28,Reverse,0,"Not disturbed, Element available, Reverse position"
6505,28.10.2024 16:17:28,Normal,0,"Not disturbed, Element available, Normal position"
6500,28.10.2024 16:17:28,Reverse,0,"Not disturbed, Element available, Reverse position"
6501,28.10.2024 16:17:35,Reverse,0,"Not disturbed, Element available, Reverse position"
6505,28.10.2024 16:17:35,Normal,0,"Not disturbed, Element available, Normal position"
6500,28.10.2024 16:17:35,Reverse,0,"Not disturbed, Element available, Reverse position"
6501,28.10.2024 16:17:36,Reverse,0,"Not disturbed, Element available, Reverse position"
6505,28.10.2024 16:17:36,Normal,0,"Not disturbed, Element available, Normal position"
6500,28.10.2024 16:17:36,Reverse,0,"Not disturbed, Element available, Reverse position"
6501,28.10.2024 16:17:37,Reverse,0,"Not disturbed, Element available, Reverse position"
6505,28.10.2024 16:17:37,Normal,0,"Not disturbed, Element available, Normal position"
6500,28.10.2024 16:17:37,Reverse,0,"Not disturbed, Element available, Reverse position"
6501,28.10.2024 16:17:38,Reverse,0,"Not disturbed, Element available, Reverse position"
6505,28.10.2024 16:17:38,Normal,0,"Not disturbed, Element available, Normal position"
6500,28.10.2024 16:17:38,Reverse,0,"Not disturbed, Element available, Reverse position"
6506,28.10.2024 16:17:38,Normal,0,"Not disturbed, Element available, Normal position"
6501,28.10.2024 16:17:39,Reverse,0,"Not disturbed, Element available, Reverse position"
6505,28.10.2024 16:17:39,Normal,0,"Not disturbed, Element available, Normal position"
6500,28.10.2024 16:17:39,Reverse,0,"Not disturbed, Element available, Reverse position"
6501,28.10.2024 16:17:40,Reverse,0,"Not disturbed, Element available, Reverse position"
6505,28.10.2024 16:17:40,Normal,0,"Not disturbed, Element available, Normal position"
6500,28.10.2024 16:17:40,Reverse,0,"Not disturbed, Element available, Reverse position"
6506,28.10.2024 16:17:40,Normal,0,"Not disturbed, Element available, Normal position"
6501,28.10.2024 16:17:41,Reverse,0,"Not disturbed, Element available, Reverse position"
6505,28.10.2024 16:17:41,Normal,0,"Not disturbed, Element available, Normal position"
6500,28.10.2024 16:17:41,Reverse,0,"Not disturbed, Element available, Reverse position"
6506,28.10.2024 16:17:41,Normal,0,"Not disturbed, Element available, Normal position"
6501,28.10.2024 16:17:42,Reverse,0,"Not disturbed, Element available, Reverse position"
6505,28.10.2024 16:17:42,Normal,0,"Not disturbed, Element available, Normal position"
6500,28.10.2024 16:17:42,Reverse,0,"Not disturbed, Element available, Reverse position"
6501,28.10.2024 16:17:43,Reverse,0,"Not disturbed, Element available, Reverse position"
6505,28.10.2024 16:17:43,Normal,0,"Not disturbed, Element available, Normal position"
6500,28.10.2024 16:17:43,Reverse,0,"Not disturbed, Element available, Reverse position"
6501,28.10.2024 16:17:43,Reverse,0,"Not disturbed, Element available, Reverse position"
6505,28.10.2024 16:17:43,Normal,0,"Not disturbed, Element available, Normal position"
6500,28.10.2024 16:17:43,Reverse,0,"Not disturbed, Element available, Reverse position"
6501,28.10.2024 16:17:44,Reverse,0,"Not disturbed, Element available, Reverse position"
6505,28.10.2024 16:17:44,Normal,0,"Not disturbed, Element available, Normal position"
6500,28.10.2024 16:17:44,Reverse,0,"Not disturbed, Element available, Reverse position"
6501,28.10.2024 16:17:45,Normal,0.656469,"Not disturbed, Element available, Normal position"
6505,28.10.2024 16:17:45,Normal,0,"Not disturbed, Element available, Normal position"
6500,28.10.2024 16:17:45,Reverse,0,"Not disturbed, Element available, Reverse position"
6506,28.10.2024 16:17:45,Normal,0,"Not disturbed, Element available, Normal position"
6501,28.10.2024 16:17:45,Normal,0,"Not disturbed, Element available, Normal position"
6505,28.10.2024 16:17:45,Normal,0,"Not disturbed, Element available, Normal position"
6500,28.10.2024 16:17:45,Normal,0.655454,"Not disturbed, Element available, Normal position"
6506,28.10.2024 16:17:45,Normal,0,"Not disturbed, Element available, Normal position"
6501,28.10.2024 16:17:46,Normal,0,"Not disturbed, Element available, Normal position"
6505,28.10.2024 16:17:46,Normal,0,"Not disturbed, Element available, Normal position"
6500,28.10.2024 16:17:46,Normal,0,"Not disturbed, Element available, Normal position"
6506,28.10.2024 16:17:46,Normal,0,"Not disturbed, Element available, Normal position"
6501,28.10.2024 16:17:46,Normal,0,"Not disturbed, Element available, Normal position"
6505,28.10.2024 16:17:46,Normal,0,"Not disturbed, Element available, Normal position"
6500,28.10.2024 16:17:46,Normal,0,"Not disturbed, Element available, Normal position"
6501,28.10.2024 16:17:47,Normal,0,"Not disturbed, Element available, Normal position"
6505,28.10.2024 16:17:47,Normal,0,"Not disturbed, Element available, Normal position"
6500,28.10.2024 16:17:47,Normal,0,"Not disturbed, Element available, Normal position"
6501,28.10.2024 16:17:47,Normal,0,"Not disturbed, Element available, Normal position"
6505,28.10.2024 16:17:47,Normal,0,"Not disturbed, Element available, Normal position"
6500,28.10.2024 16:17:47,Normal,0,"Not disturbed, Element available, Normal position"
6501,28.10.2024 16:17:48,Normal,0,"Not disturbed, Element available, Normal position"
6505,28.10.2024 16:17:48,Normal,0,"Not disturbed, Element available, Normal position"
6500,28.10.2024 16:17:48,Normal,0,"Not disturbed, Element available, Normal position"
6506,28.10.2024 16:17:48,Normal,0,"Not disturbed, Element available, Normal position"
6501,28.10.2024 16:17:48,Normal,0,"Not disturbed, Element available, Normal position"
6505,28.10.2024 16:17:48,Normal,0,"Not disturbed, Element available, Normal position"
6500,28.10.2024 16:17:48,Normal,0,"Not disturbed, Element available, Normal position"
6501,28.10.2024 16:17:49,Normal,0,"Not disturbed, Element available, Normal position"
6505,28.10.2024 16:17:49,Normal,0,"Not disturbed, Element available, Normal position"
6500,28.10.2024 16:17:49,Normal,0,"Not disturbed, Element available, Normal position"
6506,28.10.2024 16:17:49,Normal,0,"Not disturbed, Element available, Normal position"
6501,28.10.2024 16:17:49,Normal,0,"Not disturbed, Element available, Normal position"
6505,28.10.2024 16:17:49,Normal,0,"Not disturbed, Element available, Normal position"
6500,28.10.2024 16:17:49,Normal,0,"Not disturbed, Element available, Normal position"
6501,28.10.2024 16:17:50,Normal,0,"Not disturbed, Element available, Normal position"
6505,28.10.2024 16:17:50,Normal,0,"Not disturbed, Element available, Normal position"
6500,28.10.2024 16:17:50,Normal,0,"Not disturbed, Element available, Normal position"
6501,28.10.2024 16:17:50,Normal,0,"Not disturbed, Element available, Normal position"
6505,28.10.2024 16:17:50,Normal,0,"Not disturbed, Element available, Normal position"
6500,28.10.2024 16:17:50,Normal,0,"Not disturbed, Element available, Normal position"
6501,28.10.2024 16:17:50,Normal,0,"Not disturbed, Element available, Normal position"
6505,28.10.2024 16:17:50,Normal,0,"Not disturbed, Element available, Normal position"
6500,28.10.2024 16:17:50,Normal,0,"Not disturbed, Element available, Normal position"
6501,28.10.2024 16:17:51,Normal,0,"Not disturbed, Element available, Normal position"
6505,28.10.2024 16:17:51,Normal,0,"Not disturbed, Element available, Normal position"
6500,28.10.2024 16:17:51,Normal,0,"Not disturbed, Element available, Normal position"
6501,28.10.2024 16:17:51,Normal,0,"Not disturbed, Element available, Normal position"
6505,28.10.2024 16:17:51,Normal,0,"Not disturbed, Element available, Normal position"
6500,28.10.2024 16:17:51,Normal,0,"Not disturbed, Element available, Normal position"
6501,28.10.2024 16:17:52,Normal,0,"Not disturbed, Element available, Normal position"
6505,28.10.2024 16:17:52,Normal,0,"Not disturbed, Element available, Normal position"
6500,28.10.2024 16:17:52,Normal,0,"Not disturbed, Element available, Normal position"
6501,28.10.2024 16:17:52,Normal,0,"Not disturbed, Element available, Normal position"
6505,28.10.2024 16:17:52,Normal,0,"Not disturbed, Element available, Normal position"
6500,28.10.2024 16:17:52,Normal,0,"Not disturbed, Element available, Normal position"
6501,28.10.2024 16:17:53,Normal,0,"Not disturbed, Element available, Normal position"
6505,28.10.2024 16:17:53,Normal,0,"Not disturbed, Element available, Normal position"
6500,28.10.2024 16:17:53,Normal,0,"Not disturbed, Element available, Normal position"
6506,28.10.2024 16:17:53,Normal,0,"Not disturbed, Element available, Normal position"
6501,28.10.2024 16:17:53,Normal,0,"Not disturbed, Element available, Normal position"
6505,28.10.2024 16:17:53,Normal,0,"Not disturbed, Element available, Normal position"
6500,28.10.2024 16:17:53,Normal,0,"Not disturbed, Element available, Normal position"
6501,28.10.2024 16:17:54,Normal,0,"Not disturbed, Element available, Normal position"
6505,28.10.2024 16:17:54,Normal,0,"Not disturbed, Element available, Normal position"
6500,28.10.2024 16:17:54,Normal,0,"Not disturbed, Element available, Normal position"
6506,28.10.2024 16:17:54,Normal,0,"Not disturbed, Element available, Normal position"
6501,28.10.2024 16:17:54,Failed,0,"Disturbed, Element not available"
6505,28.10.2024 16:17:54,Normal,0,"Not disturbed, Element available, Normal position"
6500,28.10.2024 16:17:54,Normal,0,"Not disturbed, Element available, Normal position"
6506,28.10.2024 16:17:54,Normal,0,"Not disturbed, Element available, Normal position"
6501,28.10.2024 16:17:55,Failed,0,"Disturbed, Element not available"
6505,28.10.2024 16:17:55,Normal,0,"Not disturbed, Element available, Normal position"
6500,28.10.2024 16:17:55,Normal,0,"Not disturbed, Element available, Normal position"
6506,28.10.2024 16:17:55,Normal,0,"Not disturbed, Element available, Normal position"
6501,28.10.2024 16:17:55,Failed,0,"Disturbed, Element not available"
6505,28.10.2024 16:17:55,Normal,0,"Not disturbed, Element available, Normal position"
6500,28.10.2024 16:17:55,Normal,0,"Not disturbed, Element available, Normal position"
6506,28.10.2024 16:17:55,Normal,0,"Not disturbed, Element available, Normal position"
6501,28.10.2024 16:17:55,Failed,0,"Disturbed, Element not available"
6505,28.10.2024 16:17:55,Normal,0,"Not disturbed, Element available, Normal position"
6500,28.10.2024 16:17:55,Normal,0,"Not disturbed, Element available, Normal position"
6506,28.10.2024 16:17:55,Normal,0,"Not disturbed, Element available, Normal position"
6501,28.10.2024 16:17:56,Failed,0,"Disturbed, Element not available"
6505,28.10.2024 16:17:56,Normal,0,"Not disturbed, Element available, Normal position"
6500,28.10.2024 16:17:56,Normal,0,"Not disturbed, Element available, Normal position"
6506,28.10.2024 16:17:56,Normal,0,"Not disturbed, Element available, Normal position"
6501,28.10.2024 16:17:56,Failed,0,"Disturbed, Element not available"
6505,28.10.2024 16:17:56,Normal,0,"Not disturbed, Element available, Normal position"
6500,28.10.2024 16:17:56,Normal,0,"Not disturbed, Element available, Normal position"
6506,28.10.2024 16:17:56,Normal,0,"Not disturbed, Element available, Normal position"
6501,28.10.2024 16:17:57,Failed,0,"Disturbed, Element not available"
6505,28.10.2024 16:17:57,Normal,0,"Not disturbed, Element available, Normal position"
6500,28.10.2024 16:17:57,Normal,0,"Not disturbed, Element available, Normal position"
6506,28.10.2024 16:17:57,Normal,0,"Not disturbed, Element available, Normal position"
6501,28.10.2024 16:18:02,Failed,0,"Disturbed, Element not available"
6505,28.10.2024 16:18:02,Normal,0,"Not disturbed, Element available, Normal position"
6500,28.10.2024 16:18:02,Normal,0,"Not disturbed, Element available, Normal position"
6506,28.10.2024 16:18:02,Normal,0,"Not disturbed, Element available, Normal position"
6501,28.10.2024 16:18:03,Failed,0,"Disturbed, Element not available"
6505,28.10.2024 16:18:03,Normal,0,"Not disturbed, Element available, Normal position"
6500,28.10.2024 16:18:03,Normal,0,"Not disturbed, Element available, Normal position"
6506,28.10.2024 16:18:03,Normal,0,"Not disturbed, Element available, Normal position"
6501,28.10.2024 16:18:04,Failed,0,"Disturbed, Element not available"
6505,28.10.2024 16:18:04,Normal,0,"Not disturbed, Element available, Normal position"
6500,28.10.2024 16:18:04,Normal,0,"Not disturbed, Element available, Normal position"
6506,28.10.2024 16:18:04,Normal,0,"Not disturbed, Element available, Normal position"
6501,28.10.2024 16:18:04,Failed,0,"Disturbed, Element not available"
6505,28.10.2024 16:18:04,Normal,0,"Not disturbed, Element available, Normal position"
6500,28.10.2024 16:18:04,Normal,0,"Not disturbed, Element available, Normal position"
6506,28.10.2024 16:18:04,Normal,0,"Not disturbed, Element available, Normal position"
6501,28.10.2024 16:18:05,Failed,0,"Disturbed, Element not available"
6505,28.10.2024 16:18:05,Normal,0,"Not disturbed, Element available, Normal position"
6500,28.10.2024 16:18:05,Normal,0,"Not disturbed, Element available, Normal position"
6506,28.10.2024 16:18:05,Normal,0,"Not disturbed, Element available, Normal position"
6501,28.10.2024 16:18:05,Failed,0,"Disturbed, Element not available"
6505,28.10.2024 16:18:05,Normal,0,"Not disturbed, Element available, Normal position"
6500,28.10.2024 16:18:05,Normal,0,"Not disturbed, Element available, Normal position"
6506,28.10.2024 16:18:05,Normal,0,"Not disturbed, Element available, Normal position"
6501,28.10.2024 16:18:06,Failed,0,"Disturbed, Element not available"
6505,28.10.2024 16:18:06,Normal,0,"Not disturbed, Element available, Normal position"
6500,28.10.2024 16:18:06,Normal,0,"Not disturbed, Element available, Normal position"
6506,28.10.2024 16:18:06,Normal,0,"Not disturbed, Element available, Normal position"
6501,28.10.2024 16:18:06,Failed,0,"Disturbed, Element not available"
6505,28.10.2024 16:18:06,Normal,0,"Not disturbed, Element available, Normal position"
6500,28.10.2024 16:18:06,Normal,0,"Not disturbed, Element available, Normal position"
6506,28.10.2024 16:18:06,Normal,0,"Not disturbed, Element available, Normal position"
6501,28.10.2024 16:18:07,Failed,0,"Disturbed, Element not available"
6505,28.10.2024 16:18:07,Normal,0,"Not disturbed, Element available, Normal position"
6500,28.10.2024 16:18:07,Normal,0,"Not disturbed, Element available, Normal position"
6506,28.10.2024 16:18:07,Normal,0,"Not disturbed, Element available, Normal position"
6501,28.10.2024 16:18:07,Failed,0,"Disturbed, Element not available"
6505,28.10.2024 16:18:07,Normal,0,"Not disturbed, Element available, Normal position"
6500,28.10.2024 16:18:07,Normal,0,"Not disturbed, Element available, Normal position"
6506,28.10.2024 16:18:07,Normal,0,"Not disturbed, Element available, Normal position"
6501,28.10.2024 16:18:08,Failed,0,"Disturbed, Element not available"
6505,28.10.2024 16:18:08,Normal,0,"Not disturbed, Element available, Normal position"
6500,28.10.2024 16:18:08,Normal,0,"Not disturbed, Element available, Normal position"
6506,28.10.2024 16:18:08,Normal,0,"Not disturbed, Element available, Normal position"
6501,28.10.2024 16:18:08,Failed,0,"Disturbed, Element not available"
6505,28.10.2024 16:18:08,Normal,0,"Not disturbed, Element available, Normal position"
6500,28.10.2024 16:18:08,Normal,0,"Not disturbed, Element available, Normal position"
6506,28.10.2024 16:18:08,Normal,0,"Not disturbed, Element available, Normal position"
6501,28.10.2024 16:18:09,Failed,0,"Disturbed, Element not available"
6505,28.10.2024 16:18:09,Normal,0,"Not disturbed, Element available, Normal position"
6500,28.10.2024 16:18:09,Normal,0,"Not disturbed, Element available, Normal position"
6506,28.10.2024 16:18:09,Normal,0,"Not disturbed, Element available, Normal position"
6501,28.10.2024 16:18:10,Failed,0,"Disturbed, Element not available"
6505,28.10.2024 16:18:10,Normal,0,"Not disturbed, Element available, Normal position"
6500,28.10.2024 16:18:10,Normal,0,"Not disturbed, Element available, Normal position"
6506,28.10.2024 16:18:10,Normal,0,"Not disturbed, Element available, Normal position"
6501,28.10.2024 16:18:10,Failed,0,"Disturbed, Element not available"
6505,28.10.2024 16:18:10,Normal,0,"Not disturbed, Element available, Normal position"
6500,28.10.2024 16:18:10,Normal,0,"Not disturbed, Element available, Normal position"
6506,28.10.2024 16:18:10,Normal,0,"Not disturbed, Element available, Normal position"
6501,28.10.2024 16:18:11,Failed,0,"Disturbed, Element not available"
6505,28.10.2024 16:18:11,Normal,0,"Not disturbed, Element available, Normal position"
6500,28.10.2024 16:18:11,Normal,0,"Not disturbed, Element available, Normal position"
6506,28.10.2024 16:18:11,Normal,0,"Not disturbed, Element available, Normal position"
6501,28.10.2024 16:18:11,Failed,0,"Disturbed, Element not available"
6505,28.10.2024 16:18:11,Normal,0,"Not disturbed, Element available, Normal position"
6500,28.10.2024 16:18:11,Normal,0,"Not disturbed, Element available, Normal position"
6506,28.10.2024 16:18:11,Normal,0,"Not disturbed, Element available, Normal position"
6501,28.10.2024 16:18:12,Failed,0,"Disturbed, Element not available"
6505,28.10.2024 16:18:12,Normal,0,"Not disturbed, Element available, Normal position"
6500,28.10.2024 16:18:12,Normal,0,"Not disturbed, Element available, Normal position"
6506,28.10.2024 16:18:12,Normal,0,"Not disturbed, Element available, Normal position"
6501,28.10.2024 16:18:12,Failed,0,"Disturbed, Element not available"
6505,28.10.2024 16:18:12,Normal,0,"Not disturbed, Element available, Normal position"
6500,28.10.2024 16:18:12,Normal,0,"Not disturbed, Element available, Normal position"
6506,28.10.2024 16:18:12,Normal,0,"Not disturbed, Element available, Normal position"
6501,28.10.2024 16:18:13,Failed,0,"Disturbed, Element not available"
6505,28.10.2024 16:18:13,Normal,0,"Not disturbed, Element available, Normal position"
6500,28.10.2024 16:18:13,Normal,0,"Not disturbed, Element available, Normal position"
6506,28.10.2024 16:18:13,Normal,0,"Not disturbed, Element available, Normal position"
6501,28.10.2024 16:18:13,Failed,0,"Disturbed, Element not available"
6505,28.10.2024 16:18:13,Normal,0,"Not disturbed, Element available, Normal position"
6500,28.10.2024 16:18:13,Normal,0,"Not disturbed, Element available, Normal position"
6506,28.10.2024 16:18:13,Normal,0,"Not disturbed, Element available, Normal position"
6501,28.10.2024 16:18:14,Failed,0,"Disturbed, Element not available"
6505,28.10.2024 16:18:14,Normal,0,"Not disturbed, Element available, Normal position"
6500,28.10.2024 16:18:14,Normal,0,"Not disturbed, Element available, Normal position"
6506,28.10.2024 16:18:14,Normal,0,"Not disturbed, Element available, Normal position"
6501,28.10.2024 16:18:15,Failed,0,"Disturbed, Element not available"
6505,28.10.2024 16:18:15,Normal,0,"Not disturbed, Element available, Normal position"
6500,28.10.2024 16:18:15,Normal,0,"Not disturbed, Element available, Normal position"
6506,28.10.2024 16:18:15,Normal,0,"Not disturbed, Element available, Normal position"
6501,28.10.2024 16:18:15,Failed,0,"Disturbed, Element not available"
6505,28.10.2024 16:18:15,Normal,0,"Not disturbed, Element available, Normal position"
6500,28.10.2024 16:18:15,Normal,0,"Not disturbed, Element available, Normal position"
6506,28.10.2024 16:18:15,Normal,0,"Not disturbed, Element available, Normal position"
6501,28.10.2024 16:18:16,Failed,0,"Disturbed, Element not available"
6505,28.10.2024 16:18:16,Normal,0,"Not disturbed, Element available, Normal position"
6500,28.10.2024 16:18:16,Normal,0,"Not disturbed, Element available, Normal position"
6506,28.10.2024 16:18:16,Normal,0,"Not disturbed, Element available, Normal position"
6501,28.10.2024 16:18:16,Failed,0,"Disturbed, Element not available"
6505,28.10.2024 16:18:16,Normal,0,"Not disturbed, Element available, Normal position"
6500,28.10.2024 16:18:16,Normal,0,"Not disturbed, Element available, Normal position"
6506,28.10.2024 16:18:16,Normal,0,"Not disturbed, Element available, Normal position"
6501,28.10.2024 16:18:17,Failed,0,"Disturbed, Element not available"
6505,28.10.2024 16:18:17,Normal,0,"Not disturbed, Element available, Normal position"
6500,28.10.2024 16:18:17,Normal,0,"Not disturbed, Element available, Normal position"
6506,28.10.2024 16:18:17,Normal,0,"Not disturbed, Element available, Normal position"
6501,28.10.2024 16:18:17,Failed,0,"Disturbed, Element not available"
6505,28.10.2024 16:18:17,Normal,0,"Not disturbed, Element available, Normal position"
6500,28.10.2024 16:18:17,Normal,0,"Not disturbed, Element available, Normal position"
6506,28.10.2024 16:18:17,Normal,0,"Not disturbed, Element available, Normal position"
6501,28.10.2024 16:18:18,Failed,0,"Disturbed, Element not available"
6505,28.10.2024 16:18:18,Normal,0,"Not disturbed, Element available, Normal position"
6500,28.10.2024 16:18:18,Normal,0,"Not disturbed, Element available, Normal position"
6506,28.10.2024 16:18:18,Normal,0,"Not disturbed, Element available, Normal position"
6501,28.10.2024 16:18:18,Failed,0,"Disturbed, Element not available"
6505,28.10.2024 16:18:18,Normal,0,"Not disturbed, Element available, Normal position"
6500,28.10.2024 16:18:18,Normal,0,"Not disturbed, Element available, Normal position"
6506,28.10.2024 16:18:18,Normal,0,"Not disturbed, Element available, Normal position"
6501,28.10.2024 16:18:19,Failed,0,"Disturbed, Element not available"
6505,28.10.2024 16:18:19,Normal,0,"Not disturbed, Element available, Normal position"
6500,28.10.2024 16:18:19,Normal,0,"Not disturbed, Element available, Normal position"
6506,28.10.2024 16:18:19,Normal,0,"Not disturbed, Element available, Normal position"
6501,28.10.2024 16:18:19,Failed,0,"Disturbed, Element not available"
6505,28.10.2024 16:18:19,Normal,0,"Not disturbed, Element available, Normal position"
6500,28.10.2024 16:18:19,Normal,0,"Not disturbed, Element available, Normal position"
6506,28.10.2024 16:18:19,Normal,0,"Not disturbed, Element available, Normal position"
6501,28.10.2024 16:18:20,Failed,0,"Disturbed, Element not available"
6505,28.10.2024 16:18:20,Normal,0,"Not disturbed, Element available, Normal position"
6500,28.10.2024 16:18:20,Normal,0,"Not disturbed, Element available, Normal position"
6506,28.10.2024 16:18:20,Normal,0,"Not disturbed, Element available, Normal position"
6501,28.10.2024 16:18:21,Failed,0,"Disturbed, Element not available"
6505,28.10.2024 16:18:21,Normal,0,"Not disturbed, Element available, Normal position"
6500,28.10.2024 16:18:21,Normal,0,"Not disturbed, Element available, Normal position"
6506,28.10.2024 16:18:21,Normal,0,"Not disturbed, Element available, Normal position"
6501,28.10.2024 16:18:21,Failed,0,"Disturbed, Element not available"
6505,28.10.2024 16:18:21,Normal,0,"Not disturbed, Element available, Normal position"
6500,28.10.2024 16:18:21,Normal,0,"Not disturbed, Element available, Normal position"
6506,28.10.2024 16:18:21,Normal,0,"Not disturbed, Element available, Normal position"
6501,28.10.2024 16:18:22,Failed,0,"Disturbed, Element not available"
6505,28.10.2024 16:18:22,Normal,0,"Not disturbed, Element available, Normal position"
6500,28.10.2024 16:18:22,Normal,0,"Not disturbed, Element available, Normal position"
6506,28.10.2024 16:18:22,Normal,0,"Not disturbed, Element available, Normal position"
6501,28.10.2024 16:18:22,Failed,0,"Disturbed, Element not available"
6505,28.10.2024 16:18:22,Normal,0,"Not disturbed, Element available, Normal position"
6500,28.10.2024 16:18:22,Normal,0,"Not disturbed, Element available, Normal position"
6506,28.10.2024 16:18:22,Normal,0,"Not disturbed, Element available, Normal position"
6501,28.10.2024 16:18:23,Failed,0,"Disturbed, Element not available"
6505,28.10.2024 16:18:23,Normal,0,"Not disturbed, Element available, Normal position"
6500,28.10.2024 16:18:23,Normal,0,"Not disturbed, Element available, Normal position"
6506,28.10.2024 16:18:23,Normal,0,"Not disturbed, Element available, Normal position"
6501,28.10.2024 16:18:24,Failed,0,"Disturbed, Element not available"
6505,28.10.2024 16:18:24,Normal,0,"Not disturbed, Element available, Normal position"
6500,28.10.2024 16:18:24,Normal,0,"Not disturbed, Element available, Normal position"
6506,28.10.2024 16:18:24,Normal,0,"Not disturbed, Element available, Normal position"
6501,28.10.2024 16:18:24,Failed,0,"Disturbed, Element not available"
6505,28.10.2024 16:18:24,Normal,0,"Not disturbed, Element available, Normal position"
6500,28.10.2024 16:18:24,Normal,0,"Not disturbed, Element available, Normal position"
6506,28.10.2024 16:18:24,Normal,0,"Not disturbed, Element available, Normal position"
6501,28.10.2024 16:18:24,Failed,0,"Disturbed, Element not available"
6505,28.10.2024 16:18:24,Normal,0,"Not disturbed, Element available, Normal position"
6500,28.10.2024 16:18:24,Normal,0,"Not disturbed, Element available, Normal position"
6506,28.10.2024 16:18:24,Normal,0,"Not disturbed, Element available, Normal position"
6501,28.10.2024 16:18:25,Failed,0,"Disturbed, Element not available"
6505,28.10.2024 16:18:25,Normal,0,"Not disturbed, Element available, Normal position"
6500,28.10.2024 16:18:25,Normal,0,"Not disturbed, Element available, Normal position"
6506,28.10.2024 16:18:25,Normal,0,"Not disturbed, Element available, Normal position"
6501,28.10.2024 16:18:25,Failed,0,"Disturbed, Element not available"
6505,28.10.2024 16:18:25,Normal,0,"Not disturbed, Element available, Normal position"
6500,28.10.2024 16:18:25,Normal,0,"Not disturbed, Element available, Normal position"
6506,28.10.2024 16:18:25,Normal,0,"Not disturbed, Element available, Normal position"
6501,28.10.2024 16:18:26,Failed,0,"Disturbed, Element not available"
6505,28.10.2024 16:18:26,Normal,0,"Not disturbed, Element available, Normal position"
6500,28.10.2024 16:18:26,Normal,0,"Not disturbed, Element available, Normal position"
6506,28.10.2024 16:18:26,Normal,0,"Not disturbed, Element available, Normal position"
6501,28.10.2024 16:18:27,Failed,0,"Disturbed, Element not available"
6505,28.10.2024 16:18:27,Normal,0,"Not disturbed, Element available, Normal position"
6500,28.10.2024 16:18:27,Normal,0,"Not disturbed, Element available, Normal position"
6506,28.10.2024 16:18:27,Normal,0,"Not disturbed, Element available, Normal position"
6501,28.10.2024 16:18:28,Failed,0,"Disturbed, Element not available"
6505,28.10.2024 16:18:28,Normal,0,"Not disturbed, Element available, Normal position"
6500,28.10.2024 16:18:28,Normal,0,"Not disturbed, Element available, Normal position"
6506,28.10.2024 16:18:28,Normal,0,"Not disturbed, Element available, Normal position"
6501,28.10.2024 16:18:28,Failed,0,"Disturbed, Element not available"
6505,28.10.2024 16:18:28,Normal,0,"Not disturbed, Element available, Normal position"
6500,28.10.2024 16:18:28,Normal,0,"Not disturbed, Element available, Normal position"
6506,28.10.2024 16:18:28,Normal,0,"Not disturbed, Element available, Normal position"
6501,28.10.2024 16:18:29,Failed,0,"Disturbed, Element not available"
6505,28.10.2024 16:18:29,Normal,0,"Not disturbed, Element available, Normal position"
6500,28.10.2024 16:18:29,Normal,0,"Not disturbed, Element available, Normal position"
6506,28.10.2024 16:18:29,Normal,0,"Not disturbed, Element available, Normal position"
6501,28.10.2024 16:18:29,Failed,0,"Disturbed, Element not available"
6505,28.10.2024 16:18:29,Normal,0,"Not disturbed, Element available, Normal position"
6500,28.10.2024 16:18:29,Normal,0,"Not disturbed, Element available, Normal position"
6506,28.10.2024 16:18:29,Normal,0,"Not disturbed, Element available, Normal position"
6501,28.10.2024 16:18:30,Failed,0,"Disturbed, Element not available"
6505,28.10.2024 16:18:30,Normal,0,"Not disturbed, Element available, Normal position"
6500,28.10.2024 16:18:30,Normal,0,"Not disturbed, Element available, Normal position"
6506,28.10.2024 16:18:30,Normal,0,"Not disturbed, Element available, Normal position"
6501,28.10.2024 16:18:30,Failed,0,"Disturbed, Element not available"
6505,28.10.2024 16:18:30,Normal,0,"Not disturbed, Element available, Normal position"
6500,28.10.2024 16:18:30,Normal,0,"Not disturbed, Element available, Normal position"
6506,28.10.2024 16:18:30,Normal,0,"Not disturbed, Element available, Normal position"
6501,28.10.2024 16:18:31,Failed,0,"Disturbed, Element not available"
6505,28.10.2024 16:18:31,Normal,0,"Not disturbed, Element available, Normal position"
6500,28.10.2024 16:18:31,Normal,0,"Not disturbed, Element available, Normal position"
6506,28.10.2024 16:18:31,Normal,0,"Not disturbed, Element available, Normal position"
6501,28.10.2024 16:18:31,Failed,0,"Disturbed, Element not available"
6505,28.10.2024 16:18:31,Normal,0,"Not disturbed, Element available, Normal position"
6500,28.10.2024 16:18:31,Normal,0,"Not disturbed, Element available, Normal position"
6506,28.10.2024 16:18:31,Normal,0,"Not disturbed, Element available, Normal position"
6501,28.10.2024 16:18:32,Failed,0,"Disturbed, Element not available"
6505,28.10.2024 16:18:32,Normal,0,"Not disturbed, Element available, Normal position"
6500,28.10.2024 16:18:32,Normal,0,"Not disturbed, Element available, Normal position"
6506,28.10.2024 16:18:32,Normal,0,"Not disturbed, Element available, Normal position"
6501,28.10.2024 16:18:32,Failed,0,"Disturbed, Element not available"
6505,28.10.2024 16:18:32,Normal,0,"Not disturbed, Element available, Normal position"
6500,28.10.2024 16:18:32,Normal,0,"Not disturbed, Element available, Normal position"
6506,28.10.2024 16:18:32,Normal,0,"Not disturbed, Element available, Normal position"
6501,28.10.2024 16:18:33,Failed,0,"Disturbed, Element not available"
6505,28.10.2024 16:18:33,Normal,0,"Not disturbed, Element available, Normal position"
6500,28.10.2024 16:18:33,Normal,0,"Not disturbed, Element available, Normal position"
6506,28.10.2024 16:18:33,Normal,0,"Not disturbed, Element available, Normal position"
6501,28.10.2024 16:18:34,Failed,0,"Disturbed, Element not available"
6505,28.10.2024 16:18:34,Normal,0,"Not disturbed, Element available, Normal position"
6500,28.10.2024 16:18:34,Normal,0,"Not disturbed, Element available, Normal position"
6506,28.10.2024 16:18:34,Normal,0,"Not disturbed, Element available, Normal position"
6501,28.10.2024 16:18:34,Failed,0,"Disturbed, Element not available"
6505,28.10.2024 16:18:34,Normal,0,"Not disturbed, Element available, Normal position"
6500,28.10.2024 16:18:34,Normal,0,"Not disturbed, Element available, Normal position"
6506,28.10.2024 16:18:34,Normal,0,"Not disturbed, Element available, Normal position"
6501,28.10.2024 16:18:35,Failed,0,"Disturbed, Element not available"
6505,28.10.2024 16:18:35,Normal,0,"Not disturbed, Element available, Normal position"
6500,28.10.2024 16:18:35,Normal,0,"Not disturbed, Element available, Normal position"
6506,28.10.2024 16:18:35,Normal,0,"Not disturbed, Element available, Normal position"
6501,28.10.2024 16:18:35,Failed,0,"Disturbed, Element not available"
6505,28.10.2024 16:18:35,Normal,0,"Not disturbed, Element available, Normal position"
6500,28.10.2024 16:18:35,Normal,0,"Not disturbed, Element available, Normal position"
6506,28.10.2024 16:18:35,Normal,0,"Not disturbed, Element available, Normal position"
6501,28.10.2024 16:18:36,Failed,0,"Disturbed, Element not available"
6505,28.10.2024 16:18:36,Normal,0,"Not disturbed, Element available, Normal position"
6500,28.10.2024 16:18:36,Normal,0,"Not disturbed, Element available, Normal position"
6506,28.10.2024 16:18:36,Normal,0,"Not disturbed, Element available, Normal position"
6501,28.10.2024 16:18:37,Failed,0,"Disturbed, Element not available"
6505,28.10.2024 16:18:37,Normal,0,"Not disturbed, Element available, Normal position"
6500,28.10.2024 16:18:37,Normal,0,"Not disturbed, Element available, Normal position"
6506,28.10.2024 16:18:37,Normal,0,"Not disturbed, Element available, Normal position"
6501,28.10.2024 16:18:37,Failed,0,"Disturbed, Element not available"
6505,28.10.2024 16:18:37,Normal,0,"Not disturbed, Element available, Normal position"
6500,28.10.2024 16:18:37,Normal,0,"Not disturbed, Element available, Normal position"
6506,28.10.2024 16:18:37,Normal,0,"Not disturbed, Element available, Normal position"
6501,28.10.2024 16:18:38,Failed,0,"Disturbed, Element not available"
6505,28.10.2024 16:18:38,Normal,0,"Not disturbed, Element available, Normal position"
6500,28.10.2024 16:18:38,Normal,0,"Not disturbed, Element available, Normal position"
6506,28.10.2024 16:18:38,Normal,0,"Not disturbed, Element available, Normal position"
6501,28.10.2024 16:18:38,Failed,0,"Disturbed, Element not available"
6505,28.10.2024 16:18:38,Normal,0,"Not disturbed, Element available, Normal position"
6500,28.10.2024 16:18:38,Normal,0,"Not disturbed, Element available, Normal position"
6506,28.10.2024 16:18:38,Normal,0,"Not disturbed, Element available, Normal position"
6501,28.10.2024 16:18:39,Failed,0,"Disturbed, Element not available"
6505,28.10.2024 16:18:39,Normal,0,"Not disturbed, Element available, Normal position"
6500,28.10.2024 16:18:39,Normal,0,"Not disturbed, Element available, Normal position"
6506,28.10.2024 16:18:39,Normal,0,"Not disturbed, Element available, Normal position"
6501,28.10.2024 16:18:39,Failed,0,"Disturbed, Element not available"
6505,28.10.2024 16:18:39,Normal,0,"Not disturbed, Element available, Normal position"
6500,28.10.2024 16:18:39,Normal,0,"Not disturbed, Element available, Normal position"
6506,28.10.2024 16:18:39,Normal,0,"Not disturbed, Element available, Normal position"
6501,28.10.2024 16:18:40,Failed,0,"Disturbed, Element not available"
6505,28.10.2024 16:18:40,Normal,0,"Not disturbed, Element available, Normal position"
6500,28.10.2024 16:18:40,Normal,0,"Not disturbed, Element available, Normal position"
6506,28.10.2024 16:18:40,Normal,0,"Not disturbed, Element available, Normal position"
6501,28.10.2024 16:18:41,Failed,0,"Disturbed, Element not available"
6505,28.10.2024 16:18:41,Normal,0,"Not disturbed, Element available, Normal position"
6500,28.10.2024 16:18:41,Normal,0,"Not disturbed, Element available, Normal position"
6506,28.10.2024 16:18:41,Normal,0,"Not disturbed, Element available, Normal position"
6501,28.10.2024 16:18:41,Failed,0,"Disturbed, Element not available"
6505,28.10.2024 16:18:41,Normal,0,"Not disturbed, Element available, Normal position"
6500,28.10.2024 16:18:41,Normal,0,"Not disturbed, Element available, Normal position"
6506,28.10.2024 16:18:41,Normal,0,"Not disturbed, Element available, Normal position"
6501,28.10.2024 16:18:42,Failed,0,"Disturbed, Element not available"
6505,28.10.2024 16:18:42,Normal,0,"Not disturbed, Element available, Normal position"
6500,28.10.2024 16:18:42,Normal,0,"Not disturbed, Element available, Normal position"
6506,28.10.2024 16:18:42,Normal,0,"Not disturbed, Element available, Normal position"
6501,28.10.2024 16:18:42,Failed,0,"Disturbed, Element not available"
6505,28.10.2024 16:18:42,Normal,0,"Not disturbed, Element available, Normal position"
6500,28.10.2024 16:18:42,Normal,0,"Not disturbed, Element available, Normal position"
6506,28.10.2024 16:18:42,Normal,0,"Not disturbed, Element available, Normal position"
6501,28.10.2024 16:18:43,Failed,0,"Disturbed, Element not available"
6505,28.10.2024 16:18:43,Normal,0,"Not disturbed, Element available, Normal position"
6500,28.10.2024 16:18:43,Normal,0,"Not disturbed, Element available, Normal position"
6506,28.10.2024 16:18:43,Normal,0,"Not disturbed, Element available, Normal position"
6501,28.10.2024 16:18:44,Failed,0,"Disturbed, Element not available"
6505,28.10.2024 16:18:44,Normal,0,"Not disturbed, Element available, Normal position"
6500,28.10.2024 16:18:44,Normal,0,"Not disturbed, Element available, Normal position"
6506,28.10.2024 16:18:44,Normal,0,"Not disturbed, Element available, Normal position"
6501,28.10.2024 16:18:44,Failed,0,"Disturbed, Element not available"
6505,28.10.2024 16:18:44,Normal,0,"Not disturbed, Element available, Normal position"
6500,28.10.2024 16:18:44,Normal,0,"Not disturbed, Element available, Normal position"
6506,28.10.2024 16:18:44,Normal,0,"Not disturbed, Element available, Normal position"
6501,28.10.2024 16:18:45,Failed,0,"Disturbed, Element not available"
6505,28.10.2024 16:18:45,Normal,0,"Not disturbed, Element available, Normal position"
6500,28.10.2024 16:18:45,Normal,0,"Not disturbed, Element available, Normal position"
6506,28.10.2024 16:18:45,Normal,0,"Not disturbed, Element available, Normal position"
6501,28.10.2024 16:18:45,Failed,0,"Disturbed, Element not available"
6505,28.10.2024 16:18:45,Normal,0,"Not disturbed, Element available, Normal position"
6500,28.10.2024 16:18:45,Normal,0,"Not disturbed, Element available, Normal position"
6506,28.10.2024 16:18:45,Normal,0,"Not disturbed, Element available, Normal position"
6501,28.10.2024 16:18:46,Failed,0,"Disturbed, Element not available"
6505,28.10.2024 16:18:46,Normal,0,"Not disturbed, Element available, Normal position"
6500,28.10.2024 16:18:46,Normal,0,"Not disturbed, Element available, Normal position"
6506,28.10.2024 16:18:46,Normal,0,"Not disturbed, Element available, Normal position"
6501,28.10.2024 16:18:46,Failed,0,"Disturbed, Element not available"
6505,28.10.2024 16:18:46,Normal,0,"Not disturbed, Element available, Normal position"
6500,28.10.2024 16:18:46,Normal,0,"Not disturbed, Element available, Normal position"
6506,28.10.2024 16:18:46,Normal,0,"Not disturbed, Element available, Normal position"
6501,28.10.2024 16:18:47,Failed,0,"Disturbed, Element not available"
6505,28.10.2024 16:18:47,Normal,0,"Not disturbed, Element available, Normal position"
6500,28.10.2024 16:18:47,Normal,0,"Not disturbed, Element available, Normal position"
6506,28.10.2024 16:18:47,Normal,0,"Not disturbed, Element available, Normal position"
6501,28.10.2024 16:18:47,Failed,0,"Disturbed, Element not available"
6505,28.10.2024 16:18:47,Normal,0,"Not disturbed, Element available, Normal position"
6500,28.10.2024 16:18:47,Normal,0,"Not disturbed, Element available, Normal position"
6506,28.10.2024 16:18:47,Normal,0,"Not disturbed, Element available, Normal position"
6501,28.10.2024 16:18:48,Failed,0,"Disturbed, Element not available"
6505,28.10.2024 16:18:48,Normal,0,"Not disturbed, Element available, Normal position"
6500,28.10.2024 16:18:48,Normal,0,"Not disturbed, Element available, Normal position"
6506,28.10.2024 16:18:48,Normal,0,"Not disturbed, Element available, Normal position"
6501,28.10.2024 16:18:49,Failed,0,"Disturbed, Element not available"
6505,28.10.2024 16:18:49,Normal,0,"Not disturbed, Element available, Normal position"
6500,28.10.2024 16:18:49,Normal,0,"Not disturbed, Element available, Normal position"
6506,28.10.2024 16:18:49,Normal,0,"Not disturbed, Element available, Normal position"
6501,28.10.2024 16:18:49,Failed,0,"Disturbed, Element not available"
6505,28.10.2024 16:18:49,Normal,0,"Not disturbed, Element available, Normal position"
6500,28.10.2024 16:18:49,Normal,0,"Not disturbed, Element available, Normal position"
6501,28.10.2024 16:18:50,Failed,0,"Disturbed, Element not available"
6505,28.10.2024 16:18:50,Normal,0,"Not disturbed, Element available, Normal position"
6500,28.10.2024 16:18:50,Normal,0,"Not disturbed, Element available, Normal position"
6506,28.10.2024 16:18:50,Normal,0,"Not disturbed, Element available, Normal position"
6501,28.10.2024 16:18:50,Failed,0,"Disturbed, Element not available"
6505,28.10.2024 16:18:50,Normal,0,"Not disturbed, Element available, Normal position"
6500,28.10.2024 16:18:50,Normal,0,"Not disturbed, Element available, Normal position"
6506,28.10.2024 16:18:50,Normal,0,"Not disturbed, Element available, Normal position"
6501,28.10.2024 16:18:51,Failed,0,"Disturbed, Element not available"
6505,28.10.2024 16:18:51,Normal,0,"Not disturbed, Element available, Normal position"
6500,28.10.2024 16:18:51,Normal,0,"Not disturbed, Element available, Normal position"
6506,28.10.2024 16:18:51,Normal,0,"Not disturbed, Element available, Normal position"
6501,28.10.2024 16:18:51,Failed,0,"Disturbed, Element not available"
6505,28.10.2024 16:18:51,Normal,0,"Not disturbed, Element available, Normal position"
6500,28.10.2024 16:18:51,Normal,0,"Not disturbed, Element available, Normal position"
6506,28.10.2024 16:18:51,Normal,0,"Not disturbed, Element available, Normal position"
6501,28.10.2024 16:18:52,Failed,0,"Disturbed, Element not available"
6505,28.10.2024 16:18:52,Normal,0,"Not disturbed, Element available, Normal position"
6500,28.10.2024 16:18:52,Normal,0,"Not disturbed, Element available, Normal position"
6506,28.10.2024 16:18:52,Normal,0,"Not disturbed, Element available, Normal position"
6501,28.10.2024 16:18:52,Failed,0,"Disturbed, Element not available"
6505,28.10.2024 16:18:52,Normal,0,"Not disturbed, Element available, Normal position"
6500,28.10.2024 16:18:52,Normal,0,"Not disturbed, Element available, Normal position"
6506,28.10.2024 16:18:52,Normal,0,"Not disturbed, Element available, Normal position"
6501,28.10.2024 16:18:53,Failed,0,"Disturbed, Element not available"
6505,28.10.2024 16:18:53,Normal,0,"Not disturbed, Element available, Normal position"
6500,28.10.2024 16:18:53,Normal,0,"Not disturbed, Element available, Normal position"
6506,28.10.2024 16:18:53,Normal,0,"Not disturbed, Element available, Normal position"
6501,28.10.2024 16:18:53,Failed,0,"Disturbed, Element not available"
6505,28.10.2024 16:18:53,Normal,0,"Not disturbed, Element available, Normal position"
6500,28.10.2024 16:18:53,Normal,0,"Not disturbed, Element available, Normal position"
6506,28.10.2024 16:18:53,Normal,0,"Not disturbed, Element available, Normal position"
6501,28.10.2024 16:18:54,Failed,0,"Disturbed, Element not available"
6505,28.10.2024 16:18:54,Normal,0,"Not disturbed, Element available, Normal position"
6500,28.10.2024 16:18:54,Normal,0,"Not disturbed, Element available, Normal position"
6506,28.10.2024 16:18:54,Normal,0,"Not disturbed, Element available, Normal position"
6501,28.10.2024 16:18:54,Failed,0,"Disturbed, Element not available"
6505,28.10.2024 16:18:54,Normal,0,"Not disturbed, Element available, Normal position"
6500,28.10.2024 16:18:54,Normal,0,"Not disturbed, Element available, Normal position"
6506,28.10.2024 16:18:54,Normal,0,"Not disturbed, Element available, Normal position"
6501,28.10.2024 16:18:55,Failed,0,"Disturbed, Element not available"
6505,28.10.2024 16:18:55,Normal,0,"Not disturbed, Element available, Normal position"
6500,28.10.2024 16:18:55,Normal,0,"Not disturbed, Element available, Normal position"
6506,28.10.2024 16:18:55,Normal,0,"Not disturbed, Element available, Normal position"
6501,28.10.2024 16:18:55,Failed,0,"Disturbed, Element not available"
6505,28.10.2024 16:18:55,Normal,0,"Not disturbed, Element available, Normal position"
6500,28.10.2024 16:18:55,Normal,0,"Not disturbed, Element available, Normal position"
6506,28.10.2024 16:18:55,Normal,0,"Not disturbed, Element available, Normal position"
6501,28.10.2024 16:18:56,Failed,0,"Disturbed, Element not available"
6505,28.10.2024 16:18:56,Normal,0,"Not disturbed, Element available, Normal position"
6500,28.10.2024 16:18:56,Normal,0,"Not disturbed, Element available, Normal position"
6506,28.10.2024 16:18:56,Normal,0,"Not disturbed, Element available, Normal position"
6501,28.10.2024 16:18:57,Failed,0,"Disturbed, Element not available"
6505,28.10.2024 16:18:57,Normal,0,"Not disturbed, Element available, Normal position"
6500,28.10.2024 16:18:57,Normal,0,"Not disturbed, Element available, Normal position"
6506,28.10.2024 16:18:57,Normal,0,"Not disturbed, Element available, Normal position"
6501,28.10.2024 16:18:57,Failed,0,"Disturbed, Element not available"
6505,28.10.2024 16:18:57,Normal,0,"Not disturbed, Element available, Normal position"
6500,28.10.2024 16:18:57,Normal,0,"Not disturbed, Element available, Normal position"
6506,28.10.2024 16:18:57,Normal,0,"Not disturbed, Element available, Normal position"
6501,28.10.2024 16:18:58,Failed,0,"Disturbed, Element not available"
6505,28.10.2024 16:18:58,Normal,0,"Not disturbed, Element available, Normal position"
6500,28.10.2024 16:18:58,Normal,0,"Not disturbed, Element available, Normal position"
6506,28.10.2024 16:18:58,Normal,0,"Not disturbed, Element available, Normal position"
6501,28.10.2024 16:18:58,Failed,0,"Disturbed, Element not available"
6505,28.10.2024 16:18:58,Normal,0,"Not disturbed, Element available, Normal position"
6500,28.10.2024 16:18:58,Normal,0,"Not disturbed, Element available, Normal position"
6506,28.10.2024 16:18:58,Normal,0,"Not disturbed, Element available, Normal position"
6501,28.10.2024 16:18:59,Failed,0,"Disturbed, Element not available"
6505,28.10.2024 16:18:59,Normal,0,"Not disturbed, Element available, Normal position"
6500,28.10.2024 16:18:59,Normal,0,"Not disturbed, Element available, Normal position"
6506,28.10.2024 16:18:59,Normal,0,"Not disturbed, Element available, Normal position"
6501,28.10.2024 16:18:59,Failed,0,"Disturbed, Element not available"
6505,28.10.2024 16:18:59,Normal,0,"Not disturbed, Element available, Normal position"
6500,28.10.2024 16:18:59,Normal,0,"Not disturbed, Element available, Normal position"
6506,28.10.2024 16:18:59,Normal,0,"Not disturbed, Element available, Normal position"
6501,28.10.2024 16:19:00,Failed,0,"Disturbed, Element not available"
6505,28.10.2024 16:19:00,Normal,0,"Not disturbed, Element available, Normal position"
6500,28.10.2024 16:19:00,Normal,0,"Not disturbed, Element available, Normal position"
6506,28.10.2024 16:19:00,Normal,0,"Not disturbed, Element available, Normal position"
6501,28.10.2024 16:19:00,Failed,0,"Disturbed, Element not available"
6505,28.10.2024 16:19:00,Normal,0,"Not disturbed, Element available, Normal position"
6500,28.10.2024 16:19:00,Normal,0,"Not disturbed, Element available, Normal position"
6506,28.10.2024 16:19:00,Normal,0,"Not disturbed, Element available, Normal position"
6501,28.10.2024 16:19:01,Failed,0,"Disturbed, Element not available"
6505,28.10.2024 16:19:01,Normal,0,"Not disturbed, Element available, Normal position"
6500,28.10.2024 16:19:01,Normal,0,"Not disturbed, Element available, Normal position"
6506,28.10.2024 16:19:01,Normal,0,"Not disturbed, Element available, Normal position"
6501,28.10.2024 16:19:01,Failed,0,"Disturbed, Element not available"
6505,28.10.2024 16:19:01,Normal,0,"Not disturbed, Element available, Normal position"
6500,28.10.2024 16:19:01,Normal,0,"Not disturbed, Element available, Normal position"
6506,28.10.2024 16:19:01,Normal,0,"Not disturbed, Element available, Normal position"
6501,28.10.2024 16:19:02,Failed,0,"Disturbed, Element not available"
6505,28.10.2024 16:19:02,Normal,0,"Not disturbed, Element available, Normal position"
6500,28.10.2024 16:19:02,Normal,0,"Not disturbed, Element available, Normal position"
6506,28.10.2024 16:19:02,Normal,0,"Not disturbed, Element available, Normal position"
6501,28.10.2024 16:19:02,Failed,0,"Disturbed, Element not available"
6505,28.10.2024 16:19:02,Normal,0,"Not disturbed, Element available, Normal position"
6500,28.10.2024 16:19:02,Normal,0,"Not disturbed, Element available, Normal position"
6506,28.10.2024 16:19:02,Normal,0,"Not disturbed, Element available, Normal position"
6501,28.10.2024 16:19:03,Failed,0,"Disturbed, Element not available"
6505,28.10.2024 16:19:03,Normal,0,"Not disturbed, Element available, Normal position"
6500,28.10.2024 16:19:03,Normal,0,"Not disturbed, Element available, Normal position"
6506,28.10.2024 16:19:03,Normal,0,"Not disturbed, Element available, Normal position"
6501,28.10.2024 16:19:04,Failed,0,"Disturbed, Element not available"
6505,28.10.2024 16:19:04,Normal,0,"Not disturbed, Element available, Normal position"
6500,28.10.2024 16:19:04,Normal,0,"Not disturbed, Element available, Normal position"
6506,28.10.2024 16:19:04,Normal,0,"Not disturbed, Element available, Normal position"
6501,28.10.2024 16:19:05,Failed,0,"Disturbed, Element not available"
6505,28.10.2024 16:19:05,Normal,0,"Not disturbed, Element available, Normal position"
6500,28.10.2024 16:19:05,Normal,0,"Not disturbed, Element available, Normal position"
6506,28.10.2024 16:19:05,Normal,0,"Not disturbed, Element available, Normal position"
6501,28.10.2024 16:19:05,Failed,0,"Disturbed, Element not available"
6505,28.10.2024 16:19:05,Normal,0,"Not disturbed, Element available, Normal position"
6500,28.10.2024 16:19:05,Normal,0,"Not disturbed, Element available, Normal position"
6506,28.10.2024 16:19:05,Normal,0,"Not disturbed, Element available, Normal position"
6501,28.10.2024 16:19:06,Failed,0,"Disturbed, Element not available"
6505,28.10.2024 16:19:06,Normal,0,"Not disturbed, Element available, Normal position"
6500,28.10.2024 16:19:06,Normal,0,"Not disturbed, Element available, Normal position"
6506,28.10.2024 16:19:06,Normal,0,"Not disturbed, Element available, Normal position"
6501,28.10.2024 16:19:07,Failed,0,"Disturbed, Element not available"
6505,28.10.2024 16:19:07,Normal,0,"Not disturbed, Element available, Normal position"
6500,28.10.2024 16:19:07,Normal,0,"Not disturbed, Element available, Normal position"
6506,28.10.2024 16:19:07,Normal,0,"Not disturbed, Element available, Normal position"
6501,28.10.2024 16:19:08,Failed,0,"Disturbed, Element not available"
6505,28.10.2024 16:19:08,Normal,0,"Not disturbed, Element available, Normal position"
6500,28.10.2024 16:19:08,Normal,0,"Not disturbed, Element available, Normal position"
6506,28.10.2024 16:19:08,Normal,0,"Not disturbed, Element available, Normal position"
6501,28.10.2024 16:19:08,Failed,0,"Disturbed, Element not available"
6505,28.10.2024 16:19:08,Normal,0,"Not disturbed, Element available, Normal position"
6500,28.10.2024 16:19:08,Normal,0,"Not disturbed, Element available, Normal position"
6506,28.10.2024 16:19:08,Normal,0,"Not disturbed, Element available, Normal position"
6501,28.10.2024 16:19:09,Failed,0,"Disturbed, Element not available"
6505,28.10.2024 16:19:09,Normal,0,"Not disturbed, Element available, Normal position"
6500,28.10.2024 16:19:09,Normal,0,"Not disturbed, Element available, Normal position"
6506,28.10.2024 16:19:09,Normal,0,"Not disturbed, Element available, Normal position"
6501,28.10.2024 16:19:10,Failed,0,"Disturbed, Element not available"
6505,28.10.2024 16:19:10,Normal,0,"Not disturbed, Element available, Normal position"
6500,28.10.2024 16:19:10,Normal,0,"Not disturbed, Element available, Normal position"
6506,28.10.2024 16:19:10,Normal,0,"Not disturbed, Element available, Normal position"
6501,28.10.2024 16:19:11,Failed,0,"Disturbed, Element not available"
6505,28.10.2024 16:19:11,Normal,0,"Not disturbed, Element available, Normal position"
6500,28.10.2024 16:19:11,Normal,0,"Not disturbed, Element available, Normal position"
6506,28.10.2024 16:19:11,Normal,0,"Not disturbed, Element available, Normal position"
6501,28.10.2024 16:19:12,Failed,0,"Disturbed, Element not available"
6505,28.10.2024 16:19:12,Normal,0,"Not disturbed, Element available, Normal position"
6500,28.10.2024 16:19:12,Normal,0,"Not disturbed, Element available, Normal position"
6506,28.10.2024 16:19:12,Normal,0,"Not disturbed, Element available, Normal position"
6501,28.10.2024 16:19:12,Failed,0,"Disturbed, Element not available"
6505,28.10.2024 16:19:12,Normal,0,"Not disturbed, Element available, Normal position"
6500,28.10.2024 16:19:12,Normal,0,"Not disturbed, Element available, Normal position"
6506,28.10.2024 16:19:12,Normal,0,"Not disturbed, Element available, Normal position"
6501,28.10.2024 16:19:12,Failed,0,"Disturbed, Element not available"
6505,28.10.2024 16:19:12,Normal,0,"Not disturbed, Element available, Normal position"
6500,28.10.2024 16:19:12,Normal,0,"Not disturbed, Element available, Normal position"
6506,28.10.2024 16:19:12,Normal,0,"Not disturbed, Element available, Normal position"
6501,28.10.2024 16:19:13,Failed,0,"Disturbed, Element not available"
6505,28.10.2024 16:19:13,Normal,0,"Not disturbed, Element available, Normal position"
6500,28.10.2024 16:19:13,Normal,0,"Not disturbed, Element available, Normal position"
6506,28.10.2024 16:19:13,Normal,0,"Not disturbed, Element available, Normal position"
6501,28.10.2024 16:19:15,Failed,0,"Disturbed, Element not available"
6505,28.10.2024 16:19:15,Normal,0,"Not disturbed, Element available, Normal position"
6500,28.10.2024 16:19:15,Normal,0,"Not disturbed, Element available, Normal position"
6506,28.10.2024 16:19:15,Normal,0,"Not disturbed, Element available, Normal position"
6501,28.10.2024 16:19:16,Failed,0,"Disturbed, Element not available"
6505,28.10.2024 16:19:16,Normal,0,"Not disturbed, Element available, Normal position"
6500,28.10.2024 16:19:16,Normal,0,"Not disturbed, Element available, Normal position"
6506,28.10.2024 16:19:16,Normal,0,"Not disturbed, Element available, Normal position"
6501,28.10.2024 16:19:17,Failed,0,"Disturbed, Element not available"
6505,28.10.2024 16:19:17,Normal,0,"Not disturbed, Element available, Normal position"
6500,28.10.2024 16:19:17,Normal,0,"Not disturbed, Element available, Normal position"
6506,28.10.2024 16:19:17,Normal,0,"Not disturbed, Element available, Normal position"
6501,28.10.2024 16:19:18,Failed,0,"Disturbed, Element not available"
6505,28.10.2024 16:19:18,Normal,0,"Not disturbed, Element available, Normal position"
6500,28.10.2024 16:19:18,Normal,0,"Not disturbed, Element available, Normal position"
6506,28.10.2024 16:19:18,Normal,0,"Not disturbed, Element available, Normal position"
6501,28.10.2024 16:19:19,Failed,0,"Disturbed, Element not available"
6505,28.10.2024 16:19:19,Normal,0,"Not disturbed, Element available, Normal position"
6500,28.10.2024 16:19:19,Normal,0,"Not disturbed, Element available, Normal position"
6506,28.10.2024 16:19:19,Normal,0,"Not disturbed, Element available, Normal position"
6501,28.10.2024 16:19:19,Failed,0,"Disturbed, Element not available"
6505,28.10.2024 16:19:19,Normal,0,"Not disturbed, Element available, Normal position"
6500,28.10.2024 16:19:19,Normal,0,"Not disturbed, Element available, Normal position"
6506,28.10.2024 16:19:19,Normal,0,"Not disturbed, Element available, Normal position"
6501,28.10.2024 16:19:20,Failed,0,"Disturbed, Element not available"
6505,28.10.2024 16:19:20,Normal,0,"Not disturbed, Element available, Normal position"
6500,28.10.2024 16:19:20,Normal,0,"Not disturbed, Element available, Normal position"
6506,28.10.2024 16:19:20,Normal,0,"Not disturbed, Element available, Normal position"
6501,28.10.2024 16:19:21,Failed,0,"Disturbed, Element not available"
6505,28.10.2024 16:19:21,Normal,0,"Not disturbed, Element available, Normal position"
6500,28.10.2024 16:19:21,Normal,0,"Not disturbed, Element available, Normal position"
6506,28.10.2024 16:19:21,Normal,0,"Not disturbed, Element available, Normal position"
6501,28.10.2024 16:19:21,Failed,0,"Disturbed, Element not available"
6505,28.10.2024 16:19:21,Normal,0,"Not disturbed, Element available, Normal position"
6500,28.10.2024 16:19:21,Normal,0,"Not disturbed, Element available, Normal position"
6506,28.10.2024 16:19:21,Normal,0,"Not disturbed, Element available, Normal position"
6501,28.10.2024 16:19:22,Failed,0,"Disturbed, Element not available"
6505,28.10.2024 16:19:22,Normal,0,"Not disturbed, Element available, Normal position"
6500,28.10.2024 16:19:22,Normal,0,"Not disturbed, Element available, Normal position"
6506,28.10.2024 16:19:22,Normal,0,"Not disturbed, Element available, Normal position"
6501,28.10.2024 16:19:23,Failed,0,"Disturbed, Element not available"
6505,28.10.2024 16:19:23,Normal,0,"Not disturbed, Element available, Normal position"
6500,28.10.2024 16:19:23,Normal,0,"Not disturbed, Element available, Normal position"
6506,28.10.2024 16:19:23,Normal,0,"Not disturbed, Element available, Normal position"
6501,28.10.2024 16:19:23,Failed,0,"Disturbed, Element not available"
6505,28.10.2024 16:19:23,Normal,0,"Not disturbed, Element available, Normal position"
6500,28.10.2024 16:19:23,Normal,0,"Not disturbed, Element available, Normal position"
6506,28.10.2024 16:19:23,Normal,0,"Not disturbed, Element available, Normal position"
6501,28.10.2024 16:19:24,Failed,0,"Disturbed, Element not available"
6505,28.10.2024 16:19:24,Normal,0,"Not disturbed, Element available, Normal position"
6500,28.10.2024 16:19:24,Normal,0,"Not disturbed, Element available, Normal position"
6506,28.10.2024 16:19:24,Normal,0,"Not disturbed, Element available, Normal position"
6501,28.10.2024 16:19:24,Failed,0,"Disturbed, Element not available"
6505,28.10.2024 16:19:24,Normal,0,"Not disturbed, Element available, Normal position"
6500,28.10.2024 16:19:24,Normal,0,"Not disturbed, Element available, Normal position"
6506,28.10.2024 16:19:24,Normal,0,"Not disturbed, Element available, Normal position"
6501,28.10.2024 16:19:25,Failed,0,"Disturbed, Element not available"
6505,28.10.2024 16:19:25,Normal,0,"Not disturbed, Element available, Normal position"
6500,28.10.2024 16:19:25,Normal,0,"Not disturbed, Element available, Normal position"
6506,28.10.2024 16:19:25,Normal,0,"Not disturbed, Element available, Normal position"
6501,28.10.2024 16:19:25,Failed,0,"Disturbed, Element not available"
6505,28.10.2024 16:19:25,Normal,0,"Not disturbed, Element available, Normal position"
6500,28.10.2024 16:19:25,Normal,0,"Not disturbed, Element available, Normal position"
6506,28.10.2024 16:19:25,Normal,0,"Not disturbed, Element available, Normal position"
6501,28.10.2024 16:19:26,Failed,0,"Disturbed, Element not available"
6505,28.10.2024 16:19:26,Normal,0,"Not disturbed, Element available, Normal position"
6500,28.10.2024 16:19:26,Normal,0,"Not disturbed, Element available, Normal position"
6506,28.10.2024 16:19:26,Normal,0,"Not disturbed, Element available, Normal position"
6501,28.10.2024 16:19:27,Failed,0,"Disturbed, Element not available"
6505,28.10.2024 16:19:27,Normal,0,"Not disturbed, Element available, Normal position"
6500,28.10.2024 16:19:27,Normal,0,"Not disturbed, Element available, Normal position"
6506,28.10.2024 16:19:27,Normal,0,"Not disturbed, Element available, Normal position"
6501,28.10.2024 16:19:28,Failed,0,"Disturbed, Element not available"
6505,28.10.2024 16:19:28,Normal,0,"Not disturbed, Element available, Normal position"
6500,28.10.2024 16:19:28,Normal,0,"Not disturbed, Element available, Normal position"
6501,28.10.2024 16:19:29,Failed,0,"Disturbed, Element not available"
6505,28.10.2024 16:19:29,Normal,0,"Not disturbed, Element available, Normal position"
6500,28.10.2024 16:19:29,Normal,0,"Not disturbed, Element available, Normal position"
6506,28.10.2024 16:19:29,Normal,0,"Not disturbed, Element available, Normal position"
6501,28.10.2024 16:19:30,Failed,0,"Disturbed, Element not available"
6505,28.10.2024 16:19:30,Normal,0,"Not disturbed, Element available, Normal position"
6500,28.10.2024 16:19:30,Normal,0,"Not disturbed, Element available, Normal position"
6506,28.10.2024 16:19:30,Normal,0,"Not disturbed, Element available, Normal position"
6501,28.10.2024 16:19:30,Failed,0,"Disturbed, Element not available"
6505,28.10.2024 16:19:30,Normal,0,"Not disturbed, Element available, Normal position"
6500,28.10.2024 16:19:30,Normal,0,"Not disturbed, Element available, Normal position"
6501,28.10.2024 16:19:31,Failed,0,"Disturbed, Element not available"
6505,28.10.2024 16:19:31,Normal,0,"Not disturbed, Element available, Normal position"
6500,28.10.2024 16:19:31,Normal,0,"Not disturbed, Element available, Normal position"
6506,28.10.2024 16:19:31,Normal,0,"Not disturbed, Element available, Normal position"
6501,28.10.2024 16:19:32,Failed,0,"Disturbed, Element not available"
6505,28.10.2024 16:19:32,Normal,0,"Not disturbed, Element available, Normal position"
6500,28.10.2024 16:19:32,Normal,0,"Not disturbed, Element available, Normal position"
6506,28.10.2024 16:19:32,Normal,0,"Not disturbed, Element available, Normal position"
6501,28.10.2024 16:19:33,Failed,0,"Disturbed, Element not available"
6505,28.10.2024 16:19:33,Normal,0,"Not disturbed, Element available, Normal position"
6500,28.10.2024 16:19:33,Normal,0,"Not disturbed, Element available, Normal position"
6506,28.10.2024 16:19:33,Normal,0,"Not disturbed, Element available, Normal position"
6501,28.10.2024 16:19:34,Failed,0,"Disturbed, Element not available"
6505,28.10.2024 16:19:34,Normal,0,"Not disturbed, Element available, Normal position"
6500,28.10.2024 16:19:34,Normal,0,"Not disturbed, Element available, Normal position"
6506,28.10.2024 16:19:34,Normal,0,"Not disturbed, Element available, Normal position"
6501,28.10.2024 16:19:34,Failed,0,"Disturbed, Element not available"
6505,28.10.2024 16:19:34,Normal,0,"Not disturbed, Element available, Normal position"
6500,28.10.2024 16:19:34,Normal,0,"Not disturbed, Element available, Normal position"
6506,28.10.2024 16:19:34,Normal,0,"Not disturbed, Element available, Normal position"
6501,28.10.2024 16:19:34,Failed,0,"Disturbed, Element not available"
6505,28.10.2024 16:19:34,Normal,0,"Not disturbed, Element available, Normal position"
6500,28.10.2024 16:19:34,Normal,0,"Not disturbed, Element available, Normal position"
6506,28.10.2024 16:19:34,Normal,0,"Not disturbed, Element available, Normal position"
6501,28.10.2024 16:19:35,Failed,0,"Disturbed, Element not available"
6505,28.10.2024 16:19:35,Normal,0,"Not disturbed, Element available, Normal position"
6500,28.10.2024 16:19:35,Normal,0,"Not disturbed, Element available, Normal position"
6506,28.10.2024 16:19:35,Normal,0,"Not disturbed, Element available, Normal position"
6501,28.10.2024 16:19:36,Failed,0,"Disturbed, Element not available"
6505,28.10.2024 16:19:36,Normal,0,"Not disturbed, Element available, Normal position"
6500,28.10.2024 16:19:36,Normal,0,"Not disturbed, Element available, Normal position"
6506,28.10.2024 16:19:36,Normal,0,"Not disturbed, Element available, Normal position"
6501,28.10.2024 16:19:36,Failed,0,"Disturbed, Element not available"
6505,28.10.2024 16:19:36,Normal,0,"Not disturbed, Element available, Normal position"
6500,28.10.2024 16:19:36,Normal,0,"Not disturbed, Element available, Normal position"
6506,28.10.2024 16:19:36,Normal,0,"Not disturbed, Element available, Normal position"
6501,28.10.2024 16:19:37,Failed,0,"Disturbed, Element not available"
6505,28.10.2024 16:19:37,Normal,0,"Not disturbed, Element available, Normal position"
6500,28.10.2024 16:19:37,Normal,0,"Not disturbed, Element available, Normal position"
6506,28.10.2024 16:19:37,Normal,0,"Not disturbed, Element available, Normal position"
6501,28.10.2024 16:19:37,Failed,0,"Disturbed, Element not available"
6505,28.10.2024 16:19:37,Normal,0,"Not disturbed, Element available, Normal position"
6500,28.10.2024 16:19:37,Normal,0,"Not disturbed, Element available, Normal position"
6506,28.10.2024 16:19:37,Normal,0,"Not disturbed, Element available, Normal position"
6501,28.10.2024 16:19:38,Failed,0,"Disturbed, Element not available"
6505,28.10.2024 16:19:38,Normal,0,"Not disturbed, Element available, Normal position"
6500,28.10.2024 16:19:38,Normal,0,"Not disturbed, Element available, Normal position"
6506,28.10.2024 16:19:38,Normal,0,"Not disturbed, Element available, Normal position"
6501,28.10.2024 16:19:39,Failed,0,"Disturbed, Element not available"
6505,28.10.2024 16:19:39,Normal,0,"Not disturbed, Element available, Normal position"
6500,28.10.2024 16:19:39,Normal,0,"Not disturbed, Element available, Normal position"
6501,28.10.2024 16:19:39,Failed,0,"Disturbed, Element not available"
6505,28.10.2024 16:19:39,Normal,0,"Not disturbed, Element available, Normal position"
6500,28.10.2024 16:19:39,Normal,0,"Not disturbed, Element available, Normal position"
6501,28.10.2024 16:19:40,Failed,0,"Disturbed, Element not available"
6505,28.10.2024 16:19:40,Normal,0,"Not disturbed, Element available, Normal position"
6500,28.10.2024 16:19:40,Normal,0,"Not disturbed, Element available, Normal position"
6506,28.10.2024 16:19:40,Normal,0,"Not disturbed, Element available, Normal position"
6501,28.10.2024 16:19:40,Failed,0,"Disturbed, Element not available"
6505,28.10.2024 16:19:40,Normal,0,"Not disturbed, Element available, Normal position"
6500,28.10.2024 16:19:40,Normal,0,"Not disturbed, Element available, Normal position"
6506,28.10.2024 16:19:40,Normal,0,"Not disturbed, Element available, Normal position"
6501,28.10.2024 16:19:41,Failed,0,"Disturbed, Element not available"
6505,28.10.2024 16:19:41,Normal,0,"Not disturbed, Element available, Normal position"
6500,28.10.2024 16:19:41,Normal,0,"Not disturbed, Element available, Normal position"
6506,28.10.2024 16:19:41,Normal,0,"Not disturbed, Element available, Normal position"
